{
  "project_info": {
    "project_number": "192228042835",
    "project_id": "rentx-login-registration",
    "storage_bucket": "rentx-login-registration.appspot.com"
  },
  "client": [
    {
      "client_info": {
        "mobilesdk_app_id": "1:192228042835:android:b2df15985db2fc05bebea6",
        "android_client_info": {
          "package_name": "com.example.rentxapplication"
        }
      },
      "oauth_client": [
        {
          "client_id": "192228042835-nkivbonm0gg30ua8so9b6h636jmi31kk.apps.googleusercontent.com",
          "client_type": 3
        }
      ],
      "api_key": [
        {
          "current_key": "AIzaSyCXpbFLv_Q4NnRmtp5FQnlKPogQTIhADIA"
        }
      ],
      "services": {
        "appinvite_service": {
          "other_platform_oauth_client": [
            {
              "client_id": "192228042835-nkivbonm0gg30ua8so9b6h636jmi31kk.apps.googleusercontent.com",
              "client_type": 3
            }
          ]
        }
      }
    }
  ],
  "configuration_version": "1"
}